"0225e3","88","86","84","83","82","84","81","81","74.214.185.240","1467"
"053e","102","98","101","99","96","100","94","94","108.255.61.202","2510"
"09564c","44","44","43","43","46","47","44","43","50.14.232.202","1396"
"0a6c51","150","148","147","146","138","140","132","132","50.81.101.9","1462"
"0d1a","30","30","30","30","30","30","30","30","67.149.120.83","2242"
"0f8310","167","165","165","164","158","160","151","151","107.196.109.146","1591"
"0fe1","141","139","139","136",\N,\N,\N,\N,\N,\N
"15a738","46","46","45","45","44","45","45","45","24.136.170.193","1510"
"160e","118","117","132","131","121","121","107","108","64.253.8.136","1139"
"17daab","23","23","22","22","22","22","21","21","98.243.51.236","1258"
"190a","135","134","131","130","122","126","123","124","24.15.247.117","2798"
"198331","63","63","62","60","70","73","70","71","162.72.70.147","3058"
"1cbd","17","17","19","19","18","16","17","17","70.162.20.65","2118"
"1e7d","125","129","129","129","124","125","115","115","69.247.137.239","1846"
"21ba","76","75","75","74","76","78","74","74","150.212.243.201","5655"
"23aa","169","167","167","166","160","162","153","153","207.181.225.140","931"
"24e8","140",\N,\N,\N,\N,\N,\N,\N,\N,\N
"268328","15","15","15","15","17","15","19","19","74.183.118.3","2572"
"27f51b","41","41","41","41","41","42","37","36","68.60.124.32","1190"
"28e868","81","80","80","79","78","79",\N,\N,\N,\N
"2befbe","89","89","88","85","95","96","84","84","8.31.236.100","1736"
"2c03a5","67","67","68","69","72","72","71","70","75.191.234.250","2971"
"2cf312","160","158","156","155","148","147","135","135","65.129.212.43","1336"
"2dfc","37","37","35","34","33","33","31","31","74.218.174.90","1284"
"2e49","96","94","94","95","93","94","90","91","71.93.210.38","2138"
"3180","149","147","148","147","139","143","136","136","98.228.25.69","2011"
"323e3c","6","6","6","6","5","6",\N,\N,\N,\N
"3416","79","77","77","76","74","75","72","72","68.32.234.217","2136"
"349f92","74","71","70","68","68","67","60","60","69.242.48.103","1890"
"35602f","91","90","90","89",\N,\N,\N,\N,\N,\N
"36f0","119","118","118","118","115","115",\N,\N,\N,\N
"397aac","31","31","31","31","31","31","29","29","108.249.104.238","857"
"3cf313","158","156","155","154","144","145","137","137","72.79.171.68","1704"
"3d1f41","36","36","36","37","36","36","39","40","68.104.214.92","2723"
"3e1aef","16","16","17","17","16","18","13","13","173.21.78.179","1872"
"4029f3","87","87","91","90","86","89","82","82","50.121.111.111","1596"
"4096f1","43","43","44","44","43","46","42","42","69.27.217.15","1365"
"41c7ef","146","144","145","143","145","156","148","147","76.177.194.30","3057"
"4254c1","113","112","112","111","109","110","105","106","67.1.246.229","1091"
"443c","126","125","121","122","118","119","122","123","174.103.164.188","2797"
"449abd","12","12","12","12","12","13","12","12","68.198.41.160","1780"
"45658b","57","57","58","57","58","60","59","59","63.137.149.224","1997"
"467b","45","45","46","46","47","48",\N,\N,\N,\N
"489332","144","142","142","141","135","137","128","128","68.200.50.116","2538"
"4a75","95","95","96","98","97","101","96","97","68.13.91.125","2961"
"4ad90b","73","70","67","66","62","64","61","62","24.9.2.23","1936"
"4bb2bb","100","97","95","92","103","105","99","99","137.187.241.5","3036"
"50e865","151","149","149","148","140","151","149","149","76.20.250.84","3245"
"5310e7","72","72","71","72","71","74","69","69","107.139.179.4","2799"
"5763fe","66","64","74","73","69","70","57","57","72.192.21.71","1732"
"5dc33c","56","55","55",\N,\N,\N,\N,\N,\N,\N
"6139","65","65","65","65","65","63","58","58","138.229.166.211","1774"
"619d16","53","53","53","53","52","52","46","47","73.168.133.154","612"
"641c","166","164","164","162","156","158","146","146","76.177.194.30","974"
"65a024","58","56","59","58","57","58","55","55","71.206.207.140","1832"
"65bf89","29","29","29","29","27","27","26","27","68.33.122.53","1766"
"65cc08","101","101","99","96","89","90","88","89","208.54.85.236","1141"
"666f59","164","162","162","161","155","157","140","140","67.20.17.27","1602"
"679ab6","11","11","11","11","11","11","10","10","71.235.13.86","717"
"6888","103","102","98","97","92","92","87","88","24.155.57.190","1791"
"69de","42","42","42","42","42","43","43","44","65.216.78.188","1461"
"6ac6","10","10","9","9","8","9","7","6","74.243.161.236","2223"
"6d08","90","88","86","84","87","99","83","83","24.247.40.192","1622"
"70cdac","137","136","133","132",\N,\N,\N,\N,\N,\N
"73109b","35","33","37","36","40","39","35","35","23.255.199.42","2111"
"7341","62","61","60","59","55","57","52","52","23.112.136.114","1021"
"7528","51","51","51","51","50","51","48","48","208.81.161.88","1859"
"77c6","99","100","97","94","90","93","91","92","24.59.217.228","2164"
"77ea","85","84","85","88","83","83","78","78","155.99.107.223","975"
"79cfb5","154","153","153","151","142","142","134","134","68.200.102.95","1456"
"79fe41","129","127","125","127","120","123","118","119","108.253.75.11","1136"
"7a82","128","126","123","121",\N,\N,\N,\N,\N,\N
"7ab4","59","58","56","55","54","56","51","51","104.33.91.78","1029"
"7b99e3","61","60","61","63","63","68","68","68","173.128.122.12","2829"
"7de4ec","78","78","79","78","75","76","66","66","71.227.219.126","1587"
"7faf8d","75","74","73","70","67","66","64","64","71.181.239.254","2145"
"8209","92","93","93","93","88","88","80","80","173.19.97.69","1130"
"86fae0","145","143","146","145","143","144","141","141","107.217.105.108","2637"
"8a2e","26","26","25","26","25","26","24","24","70.139.49.176","1901"
"8b3a","148","146","144","144","137","139","130","130","173.24.80.226","1217"
"8d1f","98","99","100","100","91","91","93","95","71.84.133.174","2547"
"8d84ad","21","21","21","21","21","21","18","18","75.178.88.99","2135"
"8e81","123","121","116","119","112","114","111","112","75.179.6.229","1796"
"8fc42f","27","27","27","28","28","28","27","26","216.160.67.113","2147"
"8fd9","94","91","89","86","84","85","79","79","108.59.48.4","989"
"908a","1","1","1","1","1","1","1","1","72.171.16.123","959"
"9276ab","104","103","104","106","104","106","97","100","97.73.51.50","3086"
"955e46","33","35","33","33","37","38","40","39","76.173.212.127","2726"
"960718","82","81","81","81","80","81","75","75","67.247.161.114","3074"
"97d88d","153","151","150","150","146","149","142","142","72.209.45.247","2447"
"9a0c","116","116","114","113","111","113","108","109","63.131.206.120","1560"
"9a6e","109","110","109","108","106","108","100","101","75.88.147.55","2034"
"9b31","20","20","20","20","20","20","20","20","99.169.254.87","2642"
"9bf1","156","154","154","152","147","146","139","139","107.185.119.248","2003"
"9bfc58","40","40","39","38","35","35","33","33","67.172.251.108","1507"
"9d13","163","161","161","160","154","155","147","148","76.205.164.120","2316"
"9d25","139","138","137","137","131","134","159",\N,\N,\N
"9f1cc9","111","109","110","109","107","109","103","104","63.137.145.225","3905"
"a137f7","110","108","108","107","105","107","98","98","98.218.165.85","1426"
"a187","117","115","113","112","110","111","104","105","74.90.212.214","738"
"a1be41","105","104","102","101","94","95","92","93","173.26.57.171","2225"
"a278","28","28","28","27","29","29","28","28","24.3.200.73","2323"
"a3eec7","83","82","82","80","79","80","76","76","74.109.110.227","2478"
"a4c560","19","19","18","18","19","17","16","16","71.229.92.27","1931"
"a50513","68","66","63","61","60","62","56","56","104.11.20.220","1629"
"a98556","50","50","50","50",\N,\N,\N,\N,\N,\N
"a98a03","155","152","152","153","141","141","131","131","174.27.223.26","1194"
"ab70","39","39","38","39","38","37","34","34","24.145.46.74","2025"
"ad5d","121","122","135","135","130","132","124","125","99.137.5.229","3611"
"adb5","108","107","106","104","102","102","102","103","68.50.254.206","3230"
"ae3658","138","137","136","134",\N,\N,\N,\N,\N,\N
"afed","71","73","72","71","66","69","65","65","71.127.235.92","2328"
"afef","60","59","57","56","56","55","53","53","24.231.134.21","1353"
"b00b","130","128","126","125","125","129","121","122","50.83.253.173","2680"
"b1704b","9","8","8","8","7","8","6","5","108.73.136.66","2146"
"b509f0","2","2","4","4","9","7","5","4","72.228.82.107","1997"
"b526","157","155","157","156","149","148","133","133","24.131.198.8","1270"
"b708","112","111","111","110","108","112","106","107","108.54.217.186","1213"
"b8e3c7","107","106","107","105","101","103","95","96","162.72.136.11","2464"
"bad5","136","135","134","133","127","128","117","118","69.138.58.49","1979"
"bb5725","25","25","26","25","26","25","25","25","216.160.67.113","1909"
"bb8c17","24","24","24","24","24","23","22","22","108.2.12.118","1213"
"bbc0","49","49","49","49","48","49","41","41","24.214.93.148","955"
"be2f","47","48","47","47","45","44","47","46","108.253.177.26","2011"
"bfbfef","4","4","3","2","2","2","2","7","24.228.1.81","2883"
"c125","115","114","115","114","128","130",\N,\N,\N,\N
"c2ee74","3","3","2","3","3","3","4","3","67.162.218.175","1732"
"c3f133","13","13","13","13","13","12","11","11","97.71.70.172","1529"
"c5974c","134","133","138","138","133","135",\N,\N,\N,\N
"c7c2","84","83","83","82","81","82","77","77","184.58.176.38","2274"
"c7e2","22","22","23","23","23","24","23","23","66.55.144.247","1696"
"c81f","52","52","52","52","51","53",\N,\N,\N,\N
"c959","162","160","160","159","153","153","143","143","50.165.124.177","2236"
"c9f8","161","159","159","157","151","152","138","138","108.67.87.97","1690"
"cd6517","93","92","92","91","98","97","85","87","104.12.52.146","1946"
"ceeef9","114","113","119","117","119","120","113","113","108.31.57.228","1944"
"d0ad","55",\N,\N,\N,\N,\N,\N,\N,\N,\N
"d0cc61","8","7","7","7","6","5","3","2","24.253.29.101","1498"
"d10245","48","47","48","48","49","50","49","49","204.9.7.34","3097"
"d372","127","124","120","116","114","118","109","110","50.113.1.168","1680"
"d389","131","131","128","126","123","124","116","117","72.21.233.7","2046"
"d47a64","32","32","32","32","32","32","32","32","107.77.80.117","1504"
"d597","97","96","103","102","99","98","89","90","50.186.232.244","2021"
"d85f3b","122","120","117","115","113","117","112","114","98.90.71.57","1850"
"d8d168","132","130","127","124","117","116","114","116","98.122.172.83","1811"
"d8ec4c","18","18","16","16","14","14","15","15","100.2.179.246","1863"
"dd42","77","76","76","75","73","71","63","63","68.13.85.170","1661"
"dd7f5c","143","141","141","140","134","136","126","127","173.31.70.73","2035"
"de600f","152","150","151","149","150","150","144","144","99.74.200.130","2709"
"def51e","120","119","122","120","116","122","110","111","72.145.225.225","1813"
"df71","168","166","166","165","159","161","152","152","76.4.140.83","2054"
"e2d6c5","34","34","34","35","34","34","36","38","67.172.9.150","2553"
"e5cf","80","79","78","77","77","77","67","67","73.170.113.8","1708"
"e7a7","142","140","140","139","132","133","125","126","98.168.155.71","1482"
"e9cfb9","165","163","163","163","157","159","150","150","99.112.24.25","1781"
"eb67","159","157","158","158","152","154","145","145","173.81.145.106","2548"
"ec650b","70","68","66","62","59","59","54","54","71.51.62.61","1283"
"ef85","5","5","5","5","4","4","8","8","69.171.172.43","2937"
"f56e83","14","14","14","14","15","19","14","14","108.52.64.172","1966"
"f919d4","7","9","10","10","10","10","9","9","184.57.113.236","3222"
"f9bf2e","147","145","143","142","136","138","129","129","107.9.63.234","1124"
"faa37a","124","123","124","123","129","131","119","121","72.57.190.248","2763"
"fabc56","69","69","69","67","64","61","62","61","68.7.50.53","1939"
"fad3","106","105","105","103","100","104","101","102","186.149.230.63","3405"
"fb543d","86","85","87","87","85","87","86","86","70.113.37.120","1919"
"fb7d","133","132","130","128","126","127","120","120","76.107.69.237","2560"
"fb8586","54","54","54","54","53","54","50","50","71.251.25.164","517"
"fd246e","38","38","40","40","39","40","38","37","184.21.213.243","2381"
"ff5d","64","62","64","64","61","65","73","73","69.171.176.54","3086"
